dt,x,y,position,velocity,acceleration,jerk,heading
0.100000,-0.019820,-19.999990,0.004902,0.098039,0.980392,9.803922,6.282194
0.100000,-0.019177,-19.999991,0.005544,0.006420,-0.916187,-18.965796,6.282226
0.100000,-0.017733,-19.999992,0.006989,0.014448,0.080271,9.964584,6.282299
0.100000,-0.015324,-19.999994,0.009397,0.024084,0.096364,0.160926,6.282419
0.100000,-0.011952,-19.999996,0.012770,0.033727,0.096433,0.000697,6.282588
0.100000,-0.007614,-19.999999,0.017108,0.043380,0.096531,0.000977,6.282805
0.100000,-0.002309,-20.000000,0.022413,0.053046,0.096657,0.001257,6.283070
0.100000,0.124806,-19.999988,0.149528,1.271153,12.181066,120.844093,0.000198
0.100000,0.352667,-19.999901,0.377389,2.278611,10.074583,-21.064829,0.000561
0.100000,0.610820,-19.999703,0.635541,2.581524,3.029129,-70.454543,0.000972
0.100000,0.899499,-19.999357,0.924221,2.886799,3.052752,0.236231,0.001432
0.100000,1.218447,-19.998819,1.243170,3.189483,3.026841,-0.259105,0.001941
0.100000,1.567913,-19.998043,1.592636,3.494661,3.051782,0.249406,0.002499
0.100000,1.947671,-19.996978,1.972395,3.797597,3.029356,-0.224258,0.003107
0.100000,2.357919,-19.995569,2.382646,4.102511,3.049136,0.197801,0.003766
0.100000,2.798570,-19.993753,2.823301,4.406547,3.040367,-0.087689,0.004474
0.100000,3.269596,-19.991467,3.294332,4.710308,3.037602,-0.027657,0.005233
0.100000,3.771024,-19.988641,3.795768,5.014365,3.040574,0.029723,0.006042
0.100000,4.302971,-19.985198,4.327727,5.319582,3.052174,0.116003,0.006903
0.100000,4.865340,-19.981059,4.890111,5.623840,3.042571,-0.096028,0.007815
0.100000,5.458143,-19.976140,5.482934,5.928235,3.043956,0.013841,0.008780
0.100000,6.081393,-19.970352,6.106211,6.232765,3.045298,0.013422,0.009796
0.100000,6.735097,-19.963598,6.759949,6.537388,3.046229,0.009314,0.010866
0.100000,7.419258,-19.955780,7.444156,6.842063,3.046748,0.005190,0.011989
0.100000,8.133877,-19.946791,8.158831,7.146748,3.046853,0.001053,0.013166
0.100000,8.879066,-19.936521,8.904091,7.452606,3.058579,0.117257,0.014397
0.100000,9.654731,-19.924854,9.679844,7.757526,3.049197,-0.093823,0.015683
0.100000,10.460854,-19.911670,10.486074,8.062302,3.047769,-0.014278,0.017025
0.100000,11.297471,-19.896840,11.322823,8.367491,3.051887,0.041184,0.018423
0.100000,12.164695,-19.880231,12.190205,8.673823,3.063320,0.114326,0.019878
0.100000,13.062335,-19.861707,13.088037,8.978313,3.044899,-0.184207,0.021390
0.100000,13.990635,-19.841118,14.016565,9.285288,3.069747,0.248478,0.022961
0.100000,14.949349,-19.818321,14.975550,9.589843,3.045551,-0.241960,0.024590
0.100000,15.938765,-19.793151,15.965286,9.897367,3.075236,0.296852,0.026279
0.100000,16.953588,-19.765592,16.980484,10.151973,2.546062,-5.291749,0.028020
0.100000,17.983730,-19.735805,18.011056,10.305727,1.537545,-10.085168,0.029796
0.100000,19.019170,-19.704015,19.046984,10.359274,0.535467,-10.020776,0.031590
0.100000,20.054674,-19.670359,20.083035,10.360510,0.012360,-5.231068,0.033393
0.100000,21.090242,-19.634828,21.119213,10.361777,0.012669,0.003091,0.035204
0.100000,22.126045,-19.597404,22.155691,10.364781,0.030043,0.173734,0.037026
0.100000,23.161920,-19.558084,23.192312,10.366213,0.014315,-0.157281,0.038856
0.100000,24.197855,-19.516858,24.229067,10.367548,0.013355,-0.009600,0.040696
0.100000,25.233950,-19.473711,25.266059,10.369928,0.023794,0.104394,0.042545
0.100000,26.270175,-19.428634,26.303265,10.372059,0.021311,-0.024827,0.044404
0.100000,27.306456,-19.381620,27.340612,10.373462,0.014031,-0.072805,0.046272
0.100000,28.342806,-19.332657,28.378118,10.375065,0.016036,0.020054,0.048150
0.100000,29.379360,-19.281729,29.415923,10.378046,0.029801,0.137646,0.050037
0.100000,30.415963,-19.228832,30.453874,10.379515,0.014698,-0.151032,0.051934
0.100000,31.452613,-19.173955,31.491976,10.381015,0.014997,0.002995,0.053841
0.100000,32.489390,-19.117084,32.530311,10.383349,0.023343,0.083454,0.055758
0.100000,33.526290,-19.058207,33.568881,10.385706,0.023568,0.002250,0.057685
0.100000,34.563231,-18.997318,34.607608,10.387271,0.015651,-0.079167,0.059622
0.100000,35.600211,-18.934407,35.646495,10.388866,0.015946,0.002952,0.061568
0.100000,36.637343,-18.869454,36.685659,10.391637,0.027714,0.117684,0.063525
0.100000,37.674547,-18.802453,37.725025,10.393661,0.020236,-0.074785,0.065492
0.100000,38.711783,-18.733396,38.764557,10.395319,0.016586,-0.036502,0.067469
0.100000,39.749048,-18.662272,39.804257,10.397007,0.016876,0.002905,0.069457
0.100000,40.786460,-18.589060,40.844250,10.399925,0.029182,0.123060,0.071455
0.100000,41.823921,-18.513756,41.884440,10.401903,0.019775,-0.094074,0.073463
0.100000,42.861403,-18.436350,42.924805,10.403653,0.017501,-0.022735,0.075482
0.100000,43.898903,-18.356831,43.965349,10.405432,0.017787,0.002854,0.077511
0.100000,44.936516,-18.275179,45.006169,10.408210,0.027782,0.099952,0.079551
0.100000,45.974181,-18.191387,46.047212,10.410424,0.022148,-0.056344,0.081602
0.100000,47.011855,-18.105447,47.088438,10.412264,0.018396,-0.037511,0.083663
0.100000,48.049535,-18.017346,48.129852,10.414132,0.018676,0.002799,0.085735
0.100000,49.087264,-17.927070,49.171500,10.416487,0.023555,0.048791,0.087818
0.100000,50.125075,-17.834602,50.213422,10.419218,0.027311,0.037560,0.089913
0.100000,51.162881,-17.739937,51.255537,10.421145,0.019270,-0.080415,0.092018
0.100000,52.200679,-17.643064,52.297847,10.423100,0.019544,0.002741,0.094134
0.100000,53.238467,-17.543970,53.340355,10.425081,0.019817,0.002726,0.096262
0.100000,54.276327,-17.442635,54.383150,10.427950,0.028686,0.088697,0.098400
0.100000,55.314199,-17.339051,55.426179,10.430289,0.023386,-0.052998,0.100550
0.100000,56.352049,-17.233210,56.469411,10.432328,0.020389,-0.029979,0.102712
0.100000,57.389872,-17.125098,57.512851,10.434393,0.020655,0.002663,0.104885
0.100000,58.427666,-17.014703,58.556499,10.436485,0.020919,0.002646,0.107069
0.100000,59.465506,-16.902004,59.600440,10.439409,0.029235,0.083160,0.109265
0.100000,60.503333,-16.786994,60.644621,10.441807,0.023982,-0.052539,0.111473
0.100000,61.541117,-16.669663,61.689016,10.443954,0.021469,-0.025128,0.113692
0.100000,62.578853,-16.549998,62.733629,10.446126,0.021727,0.002579,0.115923
0.100000,63.616537,-16.427985,63.778461,10.448324,0.021983,0.002560,0.118166
0.100000,64.654195,-16.303610,64.823547,10.450855,0.025309,0.033260,0.120421
0.100000,65.691857,-16.176853,65.868922,10.453754,0.028990,0.036812,0.122688
0.100000,66.729451,-16.047710,66.914523,10.456005,0.022508,-0.064818,0.124968
0.100000,67.766974,-15.916167,67.960351,10.458281,0.022757,0.002488,0.127259
0.100000,68.804420,-15.782212,69.006409,10.460581,0.023004,0.002468,0.129563
0.100000,69.841784,-15.645830,70.052699,10.462906,0.023248,0.002448,0.131878
0.100000,70.879084,-15.507006,71.099248,10.465491,0.025847,0.025991,0.134207
0.100000,71.916353,-15.365721,72.146095,10.468463,0.029724,0.038762,0.136548
0.100000,72.953522,-15.221968,73.193179,10.470837,0.023743,-0.059807,0.138901
0.100000,73.990586,-15.075736,74.240502,10.473235,0.023980,0.002370,0.141267
0.100000,75.027540,-14.927009,75.288068,10.475657,0.024215,0.002348,0.143645
0.100000,76.064379,-14.775774,76.335878,10.478102,0.024447,0.002326,0.146037
0.100000,77.101096,-14.622018,77.383935,10.480569,0.024678,0.002304,0.148441
0.100000,78.137710,-14.465722,78.432266,10.483307,0.027376,0.026977,0.150858
0.100000,79.174235,-14.306870,79.480892,10.486267,0.029599,0.022238,0.153288
0.100000,80.210618,-14.145453,80.529770,10.488780,0.025134,-0.044655,0.155731
0.100000,81.246853,-13.981459,81.578902,10.491316,0.025356,0.002219,0.158187
0.100000,82.282934,-13.814873,82.628289,10.493873,0.025575,0.002195,0.160656
0.100000,83.318853,-13.645680,83.677934,10.496453,0.025792,0.002171,0.163139
0.100000,84.354605,-13.473867,84.727840,10.499053,0.026007,0.002147,0.165635
0.100000,85.390182,-13.299418,85.778007,10.501675,0.026219,0.002122,0.168144
0.100000,86.425577,-13.122320,86.828439,10.504318,0.026429,0.002096,0.170667
0.100000,87.460832,-12.942550,87.879187,10.507478,0.031603,0.051740,0.173203
0.100000,88.495893,-12.760100,88.930205,10.510181,0.027030,-0.045729,0.175753
0.100000,89.530748,-12.574957,89.981492,10.512864,0.026831,-0.001994,0.178317
0.100000,90.565390,-12.387106,91.033048,10.515568,0.027031,0.002003,0.180895
0.100000,91.599811,-12.196532,92.084877,10.518290,0.027228,0.001976,0.183486
0.100000,92.634002,-12.003221,93.136981,10.521033,0.027423,0.001949,0.186091
0.100000,93.667957,-11.807158,94.189360,10.523794,0.027615,0.001921,0.188710
0.100000,94.701666,-11.608327,95.242018,10.526575,0.027805,0.001893,0.191344
0.100000,95.735121,-11.406714,96.294955,10.529374,0.027991,0.001865,0.193991
0.100000,96.768313,-11.202304,97.348174,10.532191,0.028175,0.001836,0.196653
0.100000,97.801235,-10.995082,98.401677,10.535027,0.028356,0.001807,0.199329
0.100000,98.833878,-10.785032,99.455467,10.537903,0.028766,0.004103,0.202019
0.100000,99.866261,-10.572133,100.509573,10.541060,0.031569,0.028036,0.204723
0.100000,100.898343,-10.356377,101.563966,10.543929,0.028684,-0.028851,0.207442
0.100000,101.930115,-10.137747,102.618647,10.546814,0.028855,0.001703,0.210176
0.100000,102.961568,-9.916230,103.673619,10.549717,0.029022,0.001673,0.212924
0.100000,103.992692,-9.691809,104.728883,10.552635,0.029186,0.001642,0.215687
0.100000,105.023477,-9.464470,105.784440,10.555570,0.029347,0.001611,0.218465
0.100000,106.053913,-9.234196,106.840292,10.558520,0.029505,0.001580,0.221257
0.100000,107.083989,-9.000972,107.896440,10.561486,0.029660,0.001548,0.224065
0.100000,108.113695,-8.764783,108.952887,10.564468,0.029812,0.001516,0.226887
0.100000,109.143020,-8.525613,110.009633,10.567464,0.029960,0.001483,0.229724
0.100000,110.171954,-8.283447,111.066681,10.570474,0.030105,0.001450,0.232577
0.100000,111.200485,-8.038269,112.124031,10.573499,0.030247,0.001417,0.235444
0.100000,112.228603,-7.790064,113.181684,10.576537,0.030385,0.001384,0.238327
0.100000,113.256295,-7.538816,114.239643,10.579589,0.030520,0.001350,0.241225
0.100000,114.283550,-7.284509,115.297909,10.582654,0.030652,0.001315,0.244138
0.100000,115.310357,-7.027127,116.356482,10.585732,0.030780,0.001281,0.247067
0.100000,116.336703,-6.766656,117.415364,10.588823,0.030904,0.001246,0.250011
0.100000,117.362576,-6.503079,118.474557,10.591925,0.031025,0.001211,0.252971
0.100000,118.387964,-6.236380,119.534061,10.595040,0.031143,0.001175,0.255946
0.100000,119.412854,-5.966544,120.593877,10.598165,0.031257,0.001139,0.258937
0.100000,120.437234,-5.693555,121.654007,10.601302,0.031367,0.001103,0.261944
0.100000,121.461089,-5.417398,122.714452,10.604449,0.031474,0.001066,0.264966
0.100000,122.484408,-5.138056,123.775213,10.607607,0.031577,0.001030,0.268004
0.100000,123.507177,-4.855514,124.836290,10.610775,0.031676,0.000992,0.271058
0.100000,124.529381,-4.569757,125.897686,10.613952,0.031771,0.000955,0.274128
0.100000,125.551008,-4.280768,126.959399,10.617138,0.031863,0.000917,0.277213
0.100000,126.572043,-3.988532,128.021433,10.620333,0.031951,0.000879,0.280315
0.100000,127.592473,-3.693033,129.083786,10.623537,0.032035,0.000840,0.283433
0.100000,128.612281,-3.394255,130.146461,10.626748,0.032115,0.000801,0.286567
0.100000,129.631455,-3.092183,131.209458,10.629967,0.032191,0.000762,0.289717
0.100000,130.649978,-2.786802,132.272777,10.633194,0.032264,0.000723,0.292883
0.100000,131.667837,-2.478095,133.336420,10.636427,0.032332,0.000683,0.296065
0.100000,132.685015,-2.166047,134.400387,10.639666,0.032396,0.000643,0.299264
0.100000,133.701497,-1.850643,135.464678,10.642912,0.032457,0.000603,0.302479
0.100000,134.717268,-1.531867,136.529294,10.646163,0.032513,0.000562,0.305710
0.100000,135.732311,-1.209704,137.594236,10.649420,0.032565,0.000522,0.308958
0.100000,136.746616,-0.884136,138.659511,10.652747,0.033277,0.007120,0.312222
0.100000,137.760181,-0.555143,139.725133,10.656224,0.034766,0.014888,0.315502
0.100000,138.772971,-0.222716,140.791084,10.659505,0.032806,-0.019599,0.318799
0.100000,139.784968,0.113160,141.857363,10.662788,0.032838,0.000324,0.322113
0.100000,140.796155,0.452501,142.923970,10.666075,0.032866,0.000281,0.325443
0.100000,141.806515,0.795321,143.990907,10.669364,0.032890,0.000238,0.328790
0.100000,142.816031,1.141635,145.058172,10.672655,0.032910,0.000195,0.332153
0.100000,143.824685,1.491459,146.125767,10.675948,0.032925,0.000152,0.335533
0.100000,144.832458,1.844808,147.193691,10.679241,0.032936,0.000108,0.338929
0.100000,145.839333,2.201695,148.261944,10.682535,0.032942,0.000064,0.342342
0.100000,146.845291,2.562137,149.330527,10.685830,0.032944,0.000020,0.345772
0.100000,147.850313,2.926147,150.399440,10.689124,0.032942,-0.000025,0.349218
0.100000,148.854397,3.293746,151.468698,10.692585,0.034611,0.016690,0.352681
0.100000,149.857531,3.664951,152.538311,10.696122,0.035373,0.007629,0.356161
0.100000,150.859672,4.039769,153.608253,10.699420,0.032977,-0.023961,0.359658
0.100000,151.860802,4.418213,154.678524,10.702715,0.032953,-0.000241,0.363171
0.100000,152.860901,4.800298,155.749125,10.706008,0.032925,-0.000287,0.366701
0.100000,153.859948,5.186038,156.820055,10.709297,0.032891,-0.000333,0.370248
0.100000,154.857924,5.575446,157.891313,10.712582,0.032853,-0.000379,0.373811
0.100000,155.854807,5.968537,158.962899,10.715863,0.032811,-0.000426,0.377391
0.100000,156.850578,6.365323,160.034813,10.719140,0.032763,-0.000473,0.380988
0.100000,157.845260,6.765838,161.107102,10.722893,0.037532,0.047689,0.384601
0.100000,158.838789,7.170075,162.179719,10.726166,0.032726,-0.048067,0.388232
0.100000,159.831141,7.578049,163.252662,10.729429,0.032631,-0.000949,0.391878
0.100000,160.822297,7.989772,164.325930,10.732685,0.032561,-0.000700,0.395542
0.100000,161.812234,8.405257,165.399524,10.735933,0.032486,-0.000748,0.399222
0.100000,162.800929,8.824517,166.473441,10.739174,0.032406,-0.000796,0.402919
0.100000,163.788365,9.247566,167.547685,10.742435,0.032611,0.002042,0.406632
0.100000,164.774561,9.674435,168.622301,10.746163,0.037275,0.046648,0.410361
0.100000,165.759450,10.105116,169.697239,10.749378,0.032153,-0.051224,0.414108
0.100000,166.743007,10.539621,170.772497,10.752583,0.032050,-0.001030,0.417871
0.100000,167.725211,10.977962,171.848075,10.755777,0.031942,-0.001079,0.421650
0.100000,168.706038,11.420151,172.923971,10.758960,0.031829,-0.001128,0.425445
0.100000,169.685464,11.866199,174.000184,10.762131,0.031712,-0.001178,0.429257
0.100000,170.663517,12.316140,175.076768,10.765848,0.037166,0.054545,0.433085
0.100000,171.640123,12.769963,176.153668,10.768999,0.031512,-0.056536,0.436930
0.100000,172.615256,13.227677,177.230881,10.772131,0.031315,-0.001971,0.440790
0.100000,173.588893,13.689295,178.308406,10.775248,0.031174,-0.001417,0.444667
0.100000,174.561010,14.154825,179.386241,10.778351,0.031027,-0.001467,0.448559
0.100000,175.531608,14.624291,180.464415,10.781739,0.033885,0.028581,0.452468
0.100000,176.500661,15.097702,181.542924,10.785091,0.033514,-0.003708,0.456393
0.100000,177.468118,15.575056,182.621739,10.788143,0.030524,-0.029907,0.460333
0.100000,178.433955,16.056360,183.700856,10.791178,0.030353,-0.001708,0.464290
0.100000,179.398146,16.541626,184.780276,10.794196,0.030177,-0.001758,0.468261
0.100000,180.360691,17.030873,185.860024,10.797477,0.032815,0.026383,0.472249
0.100000,181.321565,17.524112,186.940100,10.800765,0.032876,0.000608,0.476252
0.100000,182.280717,18.021338,188.020472,10.803721,0.029565,-0.033106,0.480270
0.100000,183.238118,18.522557,189.101138,10.806658,0.029365,-0.002000,0.484304
0.100000,184.193744,19.027777,190.182096,10.809574,0.029160,-0.002050,0.488353
0.100000,185.147609,19.537027,191.263388,10.812924,0.033500,0.043401,0.492417
0.100000,186.099656,20.050300,192.344981,10.815929,0.030052,-0.034487,0.496496
0.100000,187.049848,20.567595,193.426858,10.818773,0.028441,-0.016107,0.500590
0.100000,187.998158,21.088918,194.509018,10.821595,0.028212,-0.002291,0.504699
0.100000,188.944575,21.614285,195.591476,10.824582,0.029879,0.016668,0.508822
0.100000,189.889090,22.143712,196.674251,10.827750,0.031678,0.017992,0.512960
0.100000,190.831641,22.677185,197.757300,10.830491,0.027404,-0.042736,0.517112
0.100000,191.772201,23.214708,198.840621,10.833206,0.027151,-0.002530,0.521279
0.100000,192.710746,23.756289,199.924215,10.835948,0.027425,0.002735,0.525460
0.100000,193.647291,24.301956,201.008129,10.839133,0.031851,0.044265,0.529654
0.100000,194.581760,24.851686,202.092305,10.841759,0.026257,-0.055946,0.533863
0.100000,195.514128,25.405484,203.176740,10.844357,0.025980,-0.002764,0.538085
0.100000,196.444368,25.963352,204.261435,10.846949,0.025916,-0.000642,0.542321
0.100000,197.372496,26.525322,205.346438,10.850029,0.030800,0.048834,0.546570
0.100000,198.298437,27.091367,206.431691,10.852529,0.025000,-0.057991,0.550833
0.100000,199.222163,27.661489,207.517191,10.854999,0.024701,-0.002993,0.555108
0.100000,200.143653,28.235694,208.602942,10.857512,0.025132,0.004313,0.559396
0.100000,201.062912,28.814005,209.688981,10.860387,0.028748,0.036160,0.563698
0.100000,201.979871,29.396397,210.775256,10.862751,0.023638,-0.051103,0.568011
0.100000,202.894502,29.982870,211.861764,10.865082,0.023317,-0.003215,0.572337
0.100000,203.806792,30.573435,212.948521,10.867568,0.024859,0.015425,0.576675
0.100000,204.716725,31.168099,214.035537,10.870160,0.025921,0.010621,0.581026
0.100000,205.624244,31.766844,215.122775,10.872378,0.022173,-0.037476,0.585388
0.100000,206.529321,32.369667,216.210231,10.874561,0.021831,-0.003429,0.589761
0.100000,207.431956,32.976588,217.297936,10.877050,0.024889,0.030580,0.594146
0.100000,208.332104,33.587592,218.385866,10.879303,0.022535,-0.023533,0.598542
0.100000,209.229724,34.202669,219.474003,10.881364,0.020611,-0.019245,0.602949
0.100000,210.124792,34.821819,220.562347,10.883442,0.020780,0.001692,0.607367
0.100000,211.017309,35.445059,221.650931,10.885838,0.023958,0.031782,0.611796
0.100000,211.907212,36.072361,222.739708,10.887772,0.019334,-0.046245,0.616235
0.100000,212.794472,36.703722,223.828674,10.889667,0.018955,-0.003785,0.620684
0.100000,213.679085,37.339153,224.917854,10.891793,0.021262,0.023066,0.625142
0.100000,214.561012,37.978641,226.007230,10.893763,0.019698,-0.015641,0.629611
0.100000,215.440212,38.622172,227.096783,10.895524,0.017609,-0.020884,0.634089
0.100000,216.316663,39.269745,228.186515,10.897323,0.017995,0.003854,0.638576
0.100000,217.190357,39.921367,229.276447,10.899320,0.019970,0.019751,0.643072
0.100000,218.061238,40.577012,230.366541,10.900942,0.016213,-0.037570,0.647577
0.100000,218.929281,41.236673,231.456793,10.902522,0.015803,-0.004098,0.652090
0.100000,219.794480,41.900360,232.547229,10.904362,0.018400,0.025966,0.656612
0.100000,220.656789,42.568050,233.637820,10.905903,0.015414,-0.029852,0.661141
0.100000,221.516176,43.239731,234.728554,10.907338,0.014347,-0.010670,0.665678
0.100000,222.372626,43.915404,235.819444,10.908900,0.015616,0.012686,0.670223
0.100000,223.226111,44.595059,236.910483,10.910394,0.014937,-0.006789,0.674775
0.100000,224.076591,45.278674,238.001651,10.911678,0.012850,-0.020874,0.679333
0.100000,224.924046,45.966245,239.092950,10.912992,0.013131,0.002814,0.683898
0.100000,225.768460,46.657770,240.184390,10.914398,0.014061,0.009296,0.688470
0.100000,226.609788,47.353222,241.275943,10.915529,0.011314,-0.027468,0.693048
0.100000,227.448006,48.052591,242.367605,10.916619,0.010898,-0.004156,0.697632
0.100000,228.283106,48.755880,243.459395,10.917903,0.012842,0.019438,0.702221
0.100000,229.115041,49.463059,244.551283,10.918878,0.009744,-0.030979,0.706815
0.100000,229.943788,50.174115,245.643263,10.919807,0.009290,-0.004543,0.711415
0.100000,230.769333,50.889046,246.735349,10.920857,0.010507,0.012169,0.716019
0.100000,231.591640,51.607829,247.827520,10.921713,0.008558,-0.019485,0.720627
0.100000,232.410682,52.330446,248.919768,10.922481,0.007684,-0.008745,0.725240
0.100000,233.226443,53.056891,250.012099,10.923309,0.008277,0.005929,0.729857
0.100000,234.038893,53.787142,251.104502,10.924026,0.007173,-0.011039,0.734477
0.100000,234.848005,54.521182,252.196965,10.924632,0.006054,-0.011185,0.739100
0.100000,235.653759,55.258998,253.289490,10.925250,0.006186,0.001321,0.743726
0.100000,236.456131,56.000572,254.382071,10.925810,0.005595,-0.005911,0.748355
0.100000,237.255092,56.745884,255.474696,10.926251,0.004406,-0.011889,0.752987
0.100000,238.050624,57.494918,256.567363,10.926672,0.004217,-0.001896,0.757620
0.100000,238.842703,58.247657,257.660069,10.927058,0.003857,-0.003597,0.762256
0.100000,239.631304,59.004079,258.752803,10.927333,0.002745,-0.011120,0.766892
0.100000,240.416405,59.764167,259.845559,10.927568,0.002356,-0.003893,0.771530
0.100000,241.197987,60.527902,260.938336,10.927766,0.001983,-0.003729,0.776169
0.100000,241.976025,61.295262,262.031123,10.927874,0.001075,-0.009076,0.780809
0.100000,242.750498,62.066227,263.123917,10.927934,0.000598,-0.004772,0.785448
0.100000,243.521386,62.840778,264.216710,10.927933,-0.000009,-0.006074,0.790088
0.100000,244.288668,63.618893,265.309497,10.927873,-0.000598,-0.005885,0.794728
0.100000,245.052324,64.400551,266.402274,10.927765,-0.001075,-0.004772,0.799366
0.100000,245.812332,65.185729,267.495030,10.927559,-0.002068,-0.009927,0.804004
0.100000,246.568675,65.974405,268.587763,10.927330,-0.002289,-0.002216,0.808641
0.100000,247.321335,66.766560,269.680468,10.927055,-0.002745,-0.004555,0.813276
0.100000,248.070288,67.562165,270.773134,10.926654,-0.004008,-0.012633,0.817910
0.100000,248.815519,68.361201,271.865758,10.926246,-0.004084,-0.000762,0.822541
0.100000,249.557013,69.163647,272.958339,10.925805,-0.004406,-0.003220,0.827170
0.100000,250.294746,69.969472,274.050861,10.925224,-0.005812,-0.014060,0.831796
0.100000,251.028704,70.778657,275.143324,10.924625,-0.005988,-0.001757,0.836420
0.100000,251.758874,71.591180,276.235726,10.924020,-0.006054,-0.000663,0.841040
0.100000,252.485235,72.407011,277.328053,10.923274,-0.007456,-0.014012,0.845656
0.100000,253.207770,73.226124,278.420300,10.922473,-0.008013,-0.005572,0.850269
0.100000,253.926470,74.048503,279.512471,10.921705,-0.007684,0.003289,0.854877
0.100000,254.641316,74.874116,280.604552,10.920814,-0.008906,-0.012225,0.859481
0.100000,255.352289,75.702932,281.696532,10.919796,-0.010178,-0.012713,0.864081
0.100000,256.059385,76.534937,282.788419,10.918867,-0.009290,0.008875,0.868675
0.100000,256.762587,77.370103,283.880204,10.917855,-0.010127,-0.008368,0.873264
0.100000,257.461872,78.208389,284.971865,10.916604,-0.012508,-0.023813,0.877848
0.100000,258.157240,79.049786,286.063416,10.915517,-0.010868,0.016400,0.882425
0.100000,258.848681,79.894267,287.154855,10.914386,-0.011314,-0.004458,0.886997
0.100000,259.536164,80.741785,288.246148,10.912930,-0.014556,-0.032421,0.891562
0.100000,260.219695,81.592332,289.337314,10.911665,-0.012654,0.019018,0.896120
0.100000,260.899264,82.445883,290.428352,10.910380,-0.012850,-0.001956,0.900672
0.100000,261.574849,83.302394,291.519235,10.908830,-0.015496,-0.026461,0.905216
0.100000,262.246444,84.161845,292.609967,10.907322,-0.015076,0.004203,0.909753
0.100000,262.914049,85.024218,293.700556,10.905888,-0.014348,0.007280,0.914283
0.100000,263.577647,85.889476,294.790985,10.904284,-0.016036,-0.016884,0.918804
0.100000,264.237222,86.757582,295.881235,10.902504,-0.017796,-0.017604,0.923317
0.100000,264.892781,87.628526,296.971327,10.900924,-0.015803,0.019931,0.927822
0.100000,265.544317,88.502281,298.061258,10.899303,-0.016213,-0.004098,0.932318
0.100000,266.191799,89.378788,299.150981,10.897236,-0.020671,-0.044579,0.936804
0.100000,266.835244,90.258049,300.240532,10.895504,-0.017312,0.033593,0.941282
0.100000,267.474646,91.140036,301.329906,10.893743,-0.017610,-0.002979,0.945750
0.100000,268.109985,92.024702,302.419076,10.891697,-0.020460,-0.028502,0.950209
0.100000,268.741260,92.912022,303.508040,10.889646,-0.020518,-0.000581,0.954658
0.100000,269.368475,93.801984,304.596815,10.887750,-0.018956,0.015622,0.959096
0.100000,269.991627,94.694556,305.685394,10.885788,-0.019623,-0.006677,0.963525
0.100000,270.610687,95.589677,306.773731,10.883366,-0.024219,-0.045957,0.967942
0.100000,271.225677,96.487354,307.861865,10.881341,-0.020248,0.039709,0.972349
0.100000,271.836594,97.387558,308.949793,10.879280,-0.020611,-0.003633,0.976745
0.100000,272.443423,98.290241,310.037486,10.876936,-0.023433,-0.028216,0.981130
0.100000,273.046159,99.195373,311.124940,10.874536,-0.024009,-0.005759,0.985503
0.100000,273.644817,100.102946,312.212175,10.872352,-0.021831,0.021776,0.989865
0.100000,274.239394,101.012933,313.299189,10.870135,-0.022174,-0.003429,0.994215
0.100000,274.829866,101.925269,314.385933,10.867446,-0.026893,-0.047186,0.998553
0.100000,275.416252,102.839952,315.472439,10.865055,-0.023905,0.029875,1.002879
0.100000,275.998557,103.756963,316.558711,10.862723,-0.023318,0.005879,1.007192
0.100000,276.576779,104.676271,317.644744,10.860330,-0.023931,-0.006132,1.011493
0.100000,277.150893,105.597806,318.730485,10.857409,-0.029209,-0.052785,1.015781
0.100000,277.720929,106.521582,319.815982,10.854970,-0.024398,0.048111,1.020056
0.100000,278.286886,107.447573,320.901232,10.852499,-0.024702,-0.003041,1.024318
0.100000,278.848765,108.375743,321.986223,10.849911,-0.025882,-0.011796,1.028567
0.100000,279.406545,109.306029,323.070913,10.846896,-0.030153,-0.042712,1.032803
0.100000,279.960256,110.238444,324.155345,10.844326,-0.025700,0.044527,1.037025
0.100000,280.509899,111.172962,325.239518,10.841728,-0.025982,-0.002813,1.041233
0.100000,281.055477,112.109547,326.323422,10.839038,-0.026892,-0.009106,1.045427
0.100000,281.596968,113.048134,327.407008,10.835862,-0.031765,-0.048730,1.049608
0.100000,282.134405,113.988740,328.490325,10.833172,-0.026895,0.048704,1.053774
0.100000,282.667791,114.931336,329.573371,10.830457,-0.027153,-0.002579,1.057926
0.100000,283.197132,115.875895,330.656143,10.827717,-0.027406,-0.002530,1.062064
0.100000,283.722407,116.822345,331.738585,10.824424,-0.032926,-0.055199,1.066187
0.100000,284.243644,117.770698,332.820741,10.821559,-0.028649,0.042771,1.070295
0.100000,284.760853,118.720933,333.902615,10.818738,-0.028213,0.004351,1.074389
0.100000,285.274040,119.673022,334.984204,10.815894,-0.028443,-0.002292,1.078467
0.100000,285.783199,120.626917,336.065480,10.812757,-0.031363,-0.029204,1.082531
0.100000,286.288334,121.582584,337.146433,10.809537,-0.032207,-0.008436,1.086580
0.100000,286.789467,122.540026,338.227096,10.806620,-0.029162,0.030445,1.090613
0.100000,287.286607,123.499217,339.307464,10.803684,-0.029367,-0.002051,1.094631
0.100000,287.779761,124.460131,340.387537,10.800727,-0.029567,-0.002001,1.098634
0.100000,288.268918,125.422702,341.467267,10.797301,-0.034262,-0.046949,1.102621
0.100000,288.754098,126.386932,342.546682,10.794156,-0.031447,0.028158,1.106593
0.100000,289.235319,127.352806,343.625796,10.791138,-0.030179,0.012676,1.110548
0.100000,289.712588,128.320301,344.704606,10.788103,-0.030355,-0.001759,1.114489
0.100000,290.185915,129.289390,345.783111,10.785050,-0.030526,-0.001709,1.118413
0.100000,290.655291,130.260011,346.861267,10.781553,-0.034972,-0.044461,1.122321
0.100000,291.120737,131.232163,347.939097,10.778308,-0.032445,0.025269,1.126214
0.100000,291.582271,132.205835,349.016618,10.775205,-0.031029,0.014156,1.130090
0.100000,292.039903,133.181003,350.093827,10.772088,-0.031176,-0.001467,1.133950
0.100000,292.493642,134.157642,351.170722,10.768956,-0.031318,-0.001418,1.137794
0.100000,292.943494,135.135714,352.247288,10.765652,-0.033038,-0.017199,1.141622
0.100000,293.389460,136.115174,353.323496,10.762087,-0.035658,-0.026204,1.145433
0.100000,293.831566,137.096033,354.399388,10.758915,-0.031714,0.039440,1.149229
0.100000,294.269825,138.078268,355.474961,10.755732,-0.031832,-0.001178,1.153007
0.100000,294.704248,139.061857,356.550215,10.752537,-0.031945,-0.001129,1.156770
0.100000,295.134847,140.046776,357.625148,10.749332,-0.032053,-0.001080,1.160516
0.100000,295.561629,141.032991,358.699746,10.745986,-0.033465,-0.014126,1.164245
0.100000,295.984596,142.020453,359.773982,10.742359,-0.036269,-0.028035,1.167958
0.100000,296.403775,143.009178,360.847895,10.739126,-0.032325,0.039441,1.171654
0.100000,296.819180,143.999144,361.921484,10.735885,-0.032409,-0.000845,1.175334
0.100000,297.230822,144.990327,362.994747,10.732636,-0.032489,-0.000797,1.178997
0.100000,297.638716,145.982708,364.067685,10.729380,-0.032564,-0.000749,1.182643
0.100000,298.042873,146.976263,365.140297,10.726117,-0.032634,-0.000701,1.186273
0.100000,298.443302,147.970957,366.212564,10.722676,-0.034408,-0.017739,1.189886
0.100000,298.840009,148.966754,367.284473,10.719089,-0.035867,-0.014595,1.193483
0.100000,299.233020,149.963663,368.356055,10.715812,-0.032767,0.031006,1.197063
0.100000,299.622350,150.961664,369.427308,10.712531,-0.032814,-0.000473,1.200626
0.100000,300.008011,151.960736,370.498232,10.709245,-0.032857,-0.000426,1.204172
0.100000,300.390018,152.960859,371.568828,10.705956,-0.032895,-0.000380,1.207701
0.100000,300.768384,153.962013,372.639094,10.702663,-0.032928,-0.000333,1.211214
0.100000,301.143124,154.964178,373.709031,10.699367,-0.032957,-0.000287,1.214711
0.100000,301.514251,155.967333,374.778637,10.696061,-0.033067,-0.001108,1.218190
0.100000,301.881768,156.971424,375.847873,10.692363,-0.036976,-0.039082,1.221653
0.100000,302.245701,157.976469,376.916780,10.689069,-0.032938,0.040376,1.225099
0.100000,302.606066,158.982448,377.985358,10.685775,-0.032945,-0.000070,1.228528
0.100000,302.962877,159.989344,379.053606,10.682480,-0.032948,-0.000025,1.231941
0.100000,303.316150,160.997138,380.121524,10.679185,-0.032946,0.000019,1.235337
0.100000,303.665898,162.005812,381.189113,10.675892,-0.032939,0.000063,1.238716
0.100000,304.012137,163.015348,382.256373,10.672599,-0.032929,0.000107,1.242079
0.100000,304.354882,164.025727,383.323304,10.669307,-0.032914,0.000151,1.245426
0.100000,304.694148,165.036933,384.389906,10.666018,-0.032894,0.000195,1.248755
0.100000,305.029950,166.048949,385.456179,10.662731,-0.032870,0.000238,1.252068
0.100000,305.362302,167.061757,386.522123,10.659447,-0.032842,0.000281,1.255365
0.100000,305.691218,168.075329,387.587728,10.656045,-0.034017,-0.011748,1.258645
0.100000,306.016711,169.089645,388.652990,10.652621,-0.034235,-0.002177,1.261909
0.100000,306.338801,170.104705,389.717926,10.649360,-0.032617,0.016177,1.265156
0.100000,306.657504,171.120492,390.782536,10.646103,-0.032569,0.000480,1.268387
0.100000,306.972836,172.136990,391.846822,10.642851,-0.032517,0.000521,1.271602
0.100000,307.284811,173.154184,392.910782,10.639605,-0.032461,0.000562,1.274800
0.100000,307.593446,174.172058,393.974419,10.636365,-0.032400,0.000603,1.277982
0.100000,307.898756,175.190596,395.037732,10.633131,-0.032336,0.000643,1.281148
0.100000,308.200757,176.209784,396.100722,10.629905,-0.032268,0.000683,1.284298
0.100000,308.499463,177.229607,397.163391,10.626685,-0.032196,0.000723,1.287431
0.100000,308.794892,178.250050,398.225738,10.623473,-0.032119,0.000762,1.290548
0.100000,309.087057,179.271099,399.287765,10.620269,-0.032039,0.000801,1.293650
0.100000,309.375976,180.292739,400.349472,10.617074,-0.031955,0.000840,1.296735
0.100000,309.661664,181.314956,401.410861,10.613887,-0.031867,0.000878,1.299805
0.100000,309.944137,182.337737,402.471932,10.610709,-0.031776,0.000917,1.302858
0.100000,310.223409,183.361068,403.532686,10.607541,-0.031680,0.000954,1.305896
0.100000,310.499498,184.384936,404.593124,10.604383,-0.031581,0.000992,1.308918
0.100000,310.772419,185.409326,405.653248,10.601235,-0.031478,0.001029,1.311924
0.100000,311.042186,186.434227,406.713058,10.598098,-0.031372,0.001066,1.314915
0.100000,311.308817,187.459626,407.772555,10.594972,-0.031261,0.001103,1.317890
0.100000,311.572327,188.485510,408.831741,10.591857,-0.031147,0.001139,1.320849
0.100000,311.832732,189.511866,409.890616,10.588754,-0.031030,0.001175,1.323793
0.100000,312.090046,190.538682,410.949183,10.585664,-0.030909,0.001211,1.326721
0.100000,312.344287,191.565947,412.007441,10.582585,-0.030784,0.001246,1.329634
0.100000,312.595469,192.593648,413.065393,10.579520,-0.030656,0.001281,1.332532
0.100000,312.843609,193.621774,414.123040,10.576467,-0.030525,0.001315,1.335414
0.100000,313.088721,194.650314,415.180383,10.573428,-0.030390,0.001350,1.338281
0.100000,313.330822,195.679256,416.237423,10.570403,-0.030251,0.001383,1.341133
0.100000,313.569927,196.708589,417.294162,10.567392,-0.030110,0.001417,1.343970
0.100000,313.806051,197.738302,418.350602,10.564396,-0.029965,0.001450,1.346792
0.100000,314.039211,198.768385,419.406743,10.561414,-0.029816,0.001483,1.349599
0.100000,314.269421,199.798828,420.462588,10.558447,-0.029665,0.001516,1.352392
0.100000,314.496697,200.829619,421.518137,10.555496,-0.029510,0.001548,1.355169
0.100000,314.721054,201.860749,422.573394,10.552561,-0.029352,0.001580,1.357932
0.100000,314.942509,202.892208,423.628358,10.549642,-0.029191,0.001611,1.360680
0.100000,315.161076,203.923986,424.683032,10.546740,-0.029027,0.001642,1.363413
0.100000,315.376770,204.956073,425.737417,10.543854,-0.028859,0.001673,1.366132
0.100000,315.589606,205.988461,426.791516,10.540985,-0.028689,0.001703,1.368836
0.100000,315.799599,207.021130,427.845319,10.538037,-0.029472,-0.007833,1.371526
0.100000,316.006760,208.054056,428.898814,10.534951,-0.030868,-0.013960,1.374201
0.100000,316.211109,209.087253,429.952026,10.532115,-0.028360,0.025079,1.376863
0.100000,316.412661,210.120712,431.004955,10.529297,-0.028180,0.001807,1.379510
0.100000,316.611432,211.154425,432.057605,10.526497,-0.027996,0.001836,1.382143
0.100000,316.807435,212.188382,433.109977,10.523716,-0.027809,0.001865,1.384762
0.100000,317.000686,213.222577,434.162072,10.520954,-0.027620,0.001893,1.387367
0.100000,317.191200,214.257001,435.213893,10.518211,-0.027428,0.001921,1.389958
0.100000,317.378992,215.291645,436.265442,10.515488,-0.027233,0.001949,1.392535
0.100000,317.564076,216.326503,437.316721,10.512784,-0.027036,0.001976,1.395098
0.100000,317.746468,217.361566,438.367731,10.510101,-0.026835,0.002003,1.397648
0.100000,317.926181,218.396827,439.418474,10.507438,-0.026632,0.002029,1.400184
0.100000,318.103224,219.432241,440.468916,10.504411,-0.030266,-0.036338,1.402707
0.100000,318.277615,220.467819,441.519075,10.501594,-0.028174,0.020920,1.405216
0.100000,318.449371,221.503572,442.568972,10.498971,-0.026224,0.019502,1.407711
0.100000,318.618506,222.539492,443.618609,10.496370,-0.026012,0.002122,1.410194
0.100000,318.785036,223.575573,444.667988,10.493790,-0.025797,0.002147,1.412663
0.100000,318.948974,224.611809,445.717111,10.491232,-0.025580,0.002171,1.415119
0.100000,319.110334,225.648192,446.765981,10.488696,-0.025361,0.002195,1.417561
0.100000,319.269131,226.684717,447.814599,10.486182,-0.025139,0.002219,1.419991
0.100000,319.425374,227.721352,448.862943,10.483439,-0.027435,-0.022960,1.422408
0.100000,319.579075,228.758069,449.910991,10.480484,-0.029547,-0.021129,1.424812
0.100000,319.730255,229.794907,450.958793,10.478016,-0.024683,0.048648,1.427203
0.100000,319.878927,230.831860,452.006350,10.475571,-0.024452,0.002304,1.429581
0.100000,320.025106,231.868924,453.053665,10.473149,-0.024219,0.002327,1.431947
0.100000,320.168804,232.906092,454.100740,10.470750,-0.023985,0.002349,1.434300
0.100000,320.310036,233.943358,455.147577,10.468375,-0.023748,0.002370,1.436640
0.100000,320.448809,234.980679,456.194140,10.465621,-0.027542,-0.037941,1.438968
0.100000,320.585138,236.018041,457.240421,10.462818,-0.028037,-0.004950,1.441284
0.100000,320.719040,237.055485,458.286471,10.460492,-0.023253,0.047837,1.443587
0.100000,320.850530,238.093005,459.332290,10.458191,-0.023008,0.002449,1.445878
0.100000,320.979621,239.130597,460.377881,10.455915,-0.022761,0.002469,1.448157
0.100000,321.106326,240.168256,461.423248,10.453664,-0.022513,0.002488,1.450424
0.100000,321.230652,241.205933,462.468346,10.450985,-0.026796,-0.042830,1.452679
0.100000,321.352613,242.243614,463.513169,10.448234,-0.027510,-0.007149,1.454921
0.100000,321.472227,243.281347,464.557773,10.446035,-0.021987,0.055233,1.457152
0.100000,321.589508,244.319127,465.602159,10.443862,-0.021731,0.002561,1.459372
0.100000,321.704467,245.356951,466.646331,10.441714,-0.021473,0.002579,1.461579
0.100000,321.817118,246.394808,467.690284,10.439537,-0.021778,-0.003051,1.463775
0.100000,321.927463,247.432598,468.733923,10.436392,-0.031447,-0.096682,1.465959
0.100000,322.035525,248.470417,469.777353,10.434299,-0.020924,0.105226,1.468131
0.100000,322.141317,249.508262,470.820577,10.432234,-0.020659,0.002647,1.470293
0.100000,322.244851,250.546130,471.863596,10.430194,-0.020393,0.002663,1.472442
0.100000,322.346140,251.584007,472.906404,10.428077,-0.021176,-0.007828,1.474581
0.100000,322.445185,252.621790,473.948902,10.424986,-0.030905,-0.097292,1.476708
0.100000,322.542009,253.659584,474.991203,10.423004,-0.019821,0.110841,1.478824
0.100000,322.636626,254.697384,476.033308,10.421049,-0.019548,0.002726,1.480929
0.100000,322.729046,255.735190,477.075220,10.419122,-0.019274,0.002741,1.483023
0.100000,322.819277,256.772935,478.116881,10.416612,-0.025095,-0.058205,1.485106
0.100000,322.907330,257.810610,479.158285,10.414034,-0.025780,-0.006857,1.487178
0.100000,322.993223,258.848277,480.199501,10.412166,-0.018681,0.070997,1.489239
0.100000,323.076968,259.885936,481.240534,10.410326,-0.018401,0.002800,1.491290
0.100000,323.158575,260.923565,482.281367,10.408334,-0.019926,-0.015257,1.493329
0.100000,323.238048,261.961059,483.321900,10.405332,-0.030011,-0.100851,1.495358
0.100000,323.315408,262.998534,484.362256,10.403553,-0.017791,0.122205,1.497377
0.100000,323.390666,264.035989,485.402436,10.401803,-0.017506,0.002854,1.499385
0.100000,323.463834,265.073416,486.442441,10.400048,-0.017550,-0.000445,1.501383
0.100000,323.534913,266.110675,487.482131,10.396906,-0.031415,-0.138655,1.503370
0.100000,323.603925,267.147903,488.521653,10.395218,-0.016880,0.145351,1.505347
0.100000,323.670881,268.185100,489.561009,10.393559,-0.016590,0.002905,1.507314
0.100000,323.735791,269.222247,490.600185,10.391758,-0.018008,-0.014183,1.509270
0.100000,323.798658,270.259219,491.639061,10.388763,-0.029951,-0.119424,1.511217
0.100000,323.859503,271.296152,492.677778,10.387168,-0.015950,0.140005,1.513153
0.100000,323.918336,272.333045,493.716339,10.385603,-0.015655,0.002952,1.515080
0.100000,323.975165,273.369836,494.754685,10.383469,-0.021338,-0.056828,1.516996
0.100000,324.029998,274.406477,495.792777,10.380911,-0.025581,-0.042431,1.518903
0.100000,324.082852,275.443072,496.830718,10.379411,-0.015001,0.105797,1.520800
0.100000,324.133737,276.479618,497.868512,10.377941,-0.014702,0.002995,1.522687
0.100000,324.182658,277.515982,498.906030,10.375184,-0.027570,-0.128681,1.524565
0.100000,324.229630,278.552254,499.943366,10.373356,-0.018276,0.092937,1.526433
0.100000,324.274665,279.588471,500.980561,10.371953,-0.014035,0.042412,1.528291
0.100000,324.317771,280.624579,502.017565,10.370045,-0.019079,-0.050439,1.530140
0.100000,324.358955,281.660505,503.054310,10.367441,-0.026035,-0.069566,1.531980
0.100000,324.398234,282.696371,504.090920,10.366106,-0.013358,0.126768,1.533810
0.100000,324.435617,283.732177,505.127400,10.364800,-0.013052,0.003064,1.535631
0.100000,324.471108,284.767745,506.163577,10.361766,-0.030342,-0.172905,1.537443
0.100000,324.504723,285.803240,507.199617,10.360402,-0.013644,0.166982,1.539245
0.100000,324.536377,286.835467,508.232330,10.327128,-0.332738,-3.190940,1.541033
0.100000,324.565861,287.856008,509.253296,10.209664,-1.174636,-8.418982,1.542793
0.100000,324.592982,288.854814,510.252470,9.991743,-2.179217,-10.045808,1.544506
0.100000,324.617690,289.825004,511.222975,9.705041,-2.867011,-6.877939,1.546163
0.100000,324.640087,290.764519,512.162757,9.397822,-3.072195,-2.051845,1.547760
0.100000,324.660333,291.673617,513.072080,9.093230,-3.045917,0.262786,1.549298
0.100000,324.678570,292.552059,513.950712,8.786321,-3.069090,-0.231735,1.550778
0.100000,324.694943,293.400048,514.798858,8.481463,-3.048581,0.205089,1.552202
0.100000,324.709587,294.217547,515.616489,8.176308,-3.051555,-0.029734,1.553568
0.100000,324.722629,295.004447,516.403497,7.870082,-3.062260,-0.107054,1.554879
0.100000,324.734196,295.760891,517.160029,7.565317,-3.047647,0.146132,1.556134
0.100000,324.744405,296.486865,517.886075,7.260463,-3.048535,-0.008882,1.557335
0.100000,324.753369,297.182364,518.581631,6.955563,-3.049007,-0.004712,1.558481
0.100000,324.761196,297.847383,519.246697,6.650657,-3.049062,-0.000551,1.559574
0.100000,324.767987,298.481926,519.881276,6.345786,-3.048702,0.003600,1.560613
0.100000,324.773841,299.085997,520.485375,6.040994,-3.047928,0.007737,1.561600
0.100000,324.778848,299.659607,521.059007,5.736319,-3.046742,0.011860,1.562534
0.100000,324.783096,300.202771,521.602188,5.431805,-3.045145,0.015967,1.563416
0.100000,324.786667,300.715507,522.114937,5.127491,-3.043140,0.020056,1.564247
0.100000,324.789638,301.197840,522.597278,4.823418,-3.040727,0.024126,1.565027
0.100000,324.792081,301.649787,523.049232,4.519534,-3.038842,0.018849,1.565756
0.100000,324.794061,302.071192,523.470642,4.214103,-3.054306,-0.154633,1.566435
0.100000,324.795644,302.462258,523.861711,3.910688,-3.034150,0.201554,1.567063
0.100000,324.796886,302.822933,524.222388,3.606768,-3.039202,-0.050516,1.567642
0.100000,324.797841,303.153144,524.552601,3.302129,-3.046395,-0.071932,1.568171
0.100000,324.798556,303.453028,524.852485,2.998845,-3.032835,0.135598,1.568650
0.100000,324.799076,303.722454,525.121912,2.694271,-3.045746,-0.129112,1.569081
0.100000,324.799441,303.961510,525.360968,2.390563,-3.037080,0.086662,1.569462
0.100000,324.799685,304.170253,525.569712,2.087430,-3.031324,0.057563,1.569795
0.100000,324.799838,304.348478,525.747936,1.782245,-3.051848,-0.205244,1.570078
0.100000,324.799927,304.496368,525.895827,1.478905,-3.033407,0.184417,1.570314
0.100000,324.799972,304.613906,526.013364,1.175375,-3.035300,-0.018931,1.570501
0.100000,324.799992,304.701075,526.100533,0.871691,-3.036839,-0.015392,1.570639
0.100000,324.799999,304.757864,526.157322,0.567893,-3.037981,-0.011418,1.570729
0.100000,324.800000,304.787463,526.186922,0.295994,-2.718986,3.189953,1.570776
0.100000,324.800000,304.798132,526.197590,0.106688,-1.893062,8.259234,1.570793
0.100000,324.800000,304.800000,526.199458,0.018679,-0.880093,10.129691,1.570796
0.100000,324.800000,304.800000,526.199458,0.000000,-0.186786,6.933072,1.570796
